Ea,K,difference
4.66778576186168,4.66624890851551,-0.0015368533461686
