Ea,K,difference
5.28894354985413,5.29032450516419,0.00138095531005167
