Ea,K,difference
5.99622028604576,5.9961320340657,-8.82519800606829e-05
