Ea,K,difference
5.4988668891816,5.49867015701133,-0.000196732170264724
