Output,Capital,Consumption,Wage,Interest_Rate
1.84711000541583,5.49867015701133,1.61030103404014,1.22932673880636,0.0328041253746762
