Output,Capital,Consumption,Wage,Interest_Rate
1.9056082636698,5.9961320340657,1.65219600620904,1.24918123256946,0.0296364554450053
