Output,Capital,Consumption,Wage,Interest_Rate
1.82160257865116,5.29032450516419,1.60665150414866,1.24160221619067,0.0308290480067377
