Output,Capital,Consumption,Wage,Interest_Rate
1.74111895868103,4.66624890851551,1.53769470786842,1.21821670286731,0.0346395218557466
