Govt_Revenue,UBI_Lambda,difference
0.200000637753871,0.2,6.37753870547098e-07
