Govt_Revenue,UBI_Lambda,difference
0.19999978773206,0.2,-2.12267940224997e-07
