UBI,no_UBI,difference
0.710506689650903,0.8,-0.0894933103490972
