Working_Share,Target,difference
0.800190403892472,0.8,0.000190403892472379
