Working_Share,Target,difference
0.799886655832292,0.8,-0.00011334416770814
