UBI,no_UBI,difference
0.731561269313407,0.8,-0.0684387306865928
