One,Three,Five
4.0833182814335,3.87377249525793,3.64898464933724
4.05141713765281,3.76992741973932,3.47811383388441
3.96533075202004,3.53250761595081,3.06003420875897
3.19426983386661,0.727094305683668,-1.0801609737351
