One,Three,Five
4.11385488633027,4.01059408974957,3.90369154878208
4.07954132435316,3.88719884745501,3.69531795092267
4.05965559257031,3.81165898338814,3.53382995831031
3.91939538488255,3.11216169321742,2.10571535639127
